dataset  ,coarsening_method       ,coarsening_ratio ,experiment ,extra_nodes ,cluster_node ,hidden ,runs ,num_layers ,batch_size ,lr   ,ave_acc                                     ,ave_time              ,top_10_acc
citeseer ,variation_neighborhoods ,             0.0 ,fixed      ,False       ,True         ,   512 ,  50 ,         2 ,       128 ,0.01 ,0.6846000000000001 +/- 0.011961605243444508 ,0.002891097068786621  ,0.7011 +/- 0.0020712315177208
citeseer ,variation_neighborhoods ,             0.0 ,few        ,False       ,True         ,   512 ,  50 ,         2 ,       128 ,0.01 ,0.5635083713979221 +/- 0.05170447059450585  ,0.0034296369552612306 ,0.6282302510716472 +/- 0.018738317942969568
citeseer ,variation_neighborhoods ,             0.1 ,fixed      ,False       ,True         ,   512 ,  50 ,         2 ,       128 ,0.01 ,0.6733 +/- 0.012249489785293088             ,0.0034122371673583982 ,0.6906000000000001 +/- 0.007337574531137621
citeseer ,variation_neighborhoods ,             0.1 ,few        ,False       ,True         ,   512 ,  50 ,         2 ,       128 ,0.01 ,0.5743655644272251 +/- 0.04214288642385526  ,0.0034892606735229493 ,0.625538128859916 +/- 0.013996432495838845