dataset,coarsening_method,coarsening_ratio,experiment,exp_setup,extra_nodes,cluster_node,hidden,runs,num_layers,batch_size,lr,ave_acc,ave_time,top_10_acc,best_acc,top_10_loss,best_loss
Physics,variation_neighborhoods,0.1,few,Gc_train_2_Gs_infer,False,True,512,5,2,128,0.01,0.7831493733336966 +/- 0.028689149032814967,0.2911720275878906,0.7831493733336966 +/- 0.028689149032814967, 0.8255455338958394, 0.6737160717999493 +/- 0.19374077154547437, 0.3108634948730469
Physics,variation_neighborhoods,0.3,few,Gc_train_2_Gs_infer,False,True,512,5,2,128,0.01,0.8771005899962218 +/- 0.019858815212065794,0.41681561470031736,0.8771005899962218 +/- 0.019858815212065794, 0.9017932397477257, 0.13395299087336035 +/- 0.011262188373725134, 0.11696523501549239
