dataset  ,coarsening_method       ,coarsening_ratio ,extra_nodes ,cluster_node ,community_used ,hidden ,runs ,num_layers ,batch_size ,lr   ,ave_time             ,top_10_loss                                  ,best_loss
squirrel ,variation_neighborhoods ,             0.1 ,False       ,True         ,False          ,   512 ,  20 ,         2 ,       128 ,0.01 ,0.012704730033874512 ,0.6482515883610913 +/- 0.002320669954536509  ,0.6437685067474062
squirrel ,variation_neighborhoods ,             0.1 ,True        ,False        ,False          ,   512 ,  20 ,         2 ,       128 ,0.01 ,0.09824134111404419  ,0.6965116930588184 +/- 0.0027836099257812046 ,0.6932946977600128
squirrel ,variation_neighborhoods ,             0.3 ,False       ,True         ,False          ,   512 ,  20 ,         2 ,       128 ,0.01 ,0.030209946632385253 ,0.6725331227506527 +/- 0.003993484968200589  ,0.6660590364409887
squirrel ,variation_neighborhoods ,             0.3 ,True        ,False        ,False          ,   512 ,  20 ,         2 ,       128 ,0.01 ,0.11295274496078492  ,0.6896780419949768 +/- 0.0031952208246304853 ,0.6819564266827699
squirrel ,variation_neighborhoods ,             0.5 ,False       ,True         ,False          ,   512 ,  20 ,         2 ,       128 ,0.01 ,0.05267047882080078  ,0.7290017431024026 +/- 0.004466718695928737  ,0.719111127747432
squirrel ,variation_neighborhoods ,             0.5 ,True        ,False        ,False          ,   512 ,  20 ,         2 ,       128 ,0.01 ,0.12924487590789796  ,0.6930424852116045 +/- 0.0035794884793658895 ,0.6859487068925881
squirrel ,variation_neighborhoods ,             0.7 ,False       ,True         ,False          ,   512 ,  20 ,         2 ,       128 ,0.01 ,0.16883673667907714  ,0.6948663925780074 +/- 0.004012877319376033  ,0.683276946989277
squirrel ,variation_neighborhoods ,             0.7 ,True        ,False        ,False          ,   512 ,  20 ,         2 ,       128 ,0.01 ,0.41345876455307007  ,0.6838097734500663 +/- 0.0022893457787141864 ,0.6792011233786368
